time,W,usage_c0,usage_c1,usage_c2,usage_c3,usage_c4,usage_c5,usage_c6,usage_c7,temp4,temp5,temp6,temp7
1676067119.7157373,0.0,0.040999999999999995,0.235,0.0,0.02,0.86,0.04,0.0,0.0,49.0,37.0,38.0,34.0,
1676067119.917653,5.305,0.095,0.1,0.0,0.0,1.0,0.0,0.0,0.0,50.0,38.0,38.0,35.0,
1676067120.1187332,5.305,0.0,0.053,0.0,0.0,1.0,0.048,0.0,0.0,51.0,38.0,39.0,35.0,
1676067120.3197932,5.305,0.05,0.1,0.0,0.048,1.0,0.048,0.05,0.0,51.0,39.0,39.0,35.0,
1676067120.5209832,5.305,0.0,0.05,0.0,0.0,1.0,0.0,0.048,0.0,52.0,39.0,40.0,36.0,
1676067120.7220442,5.305,0.05,0.053,0.0,0.0,1.0,0.105,0.0,0.0,52.0,41.0,40.0,36.0,
1676067120.9230947,5.729,0.05,0.14300000000000002,0.0,0.0,1.0,0.048,0.0,0.13,52.0,40.0,40.0,36.0,
1676067121.1241386,5.729,0.048,0.136,0.0,0.0,1.0,0.0,0.048,0.0,53.0,40.0,41.0,37.0,
1676067121.3253326,5.729,0.0,0.053,0.0,0.0,1.0,0.0,0.0,0.0,53.0,40.0,41.0,37.0,
1676067121.52641,5.729,0.048,0.053,0.0,0.0,1.0,0.0,0.0,0.0,53.0,40.0,41.0,37.0,
1676067121.7274547,5.729,0.05,0.136,0.0,0.0,1.0,0.0,0.0,0.0,53.0,41.0,41.0,37.0,
1676067121.928534,5.729,0.05,0.053,0.0,0.0,1.0,0.0,0.0,0.0,53.0,41.0,41.0,37.0,
1676067122.1298318,5.622,0.105,0.1,0.048,0.0,1.0,0.0,0.0,0.048,53.0,41.0,41.0,37.0,
1676067122.33098,5.622,0.0,0.053,0.05,0.0,1.0,0.105,0.0,0.0,54.0,41.0,41.0,37.0,
1676067122.5321214,5.622,0.053,0.105,0.0,0.0,1.0,0.0,0.048,0.0,54.0,41.0,41.0,38.0,
1676067122.7333863,5.622,0.1,0.095,0.048,0.0,1.0,0.048,0.0,0.0,54.0,41.0,42.0,38.0,
1676067122.934479,5.622,0.05,0.053,0.0,0.0,1.0,0.0,0.0,0.0,54.0,41.0,42.0,38.0,
1676067123.1355634,5.611,0.05,0.1,0.0,0.0,1.0,0.0,0.0,0.091,54.0,41.0,42.0,38.0,
1676067123.336651,5.611,0.05,0.1,0.0,0.0,1.0,0.0,0.0,0.0,54.0,42.0,42.0,38.0,
1676067123.537722,5.611,0.0,0.095,0.0,0.0,1.0,0.05,0.0,0.0,54.0,42.0,42.0,38.0,
1676067123.7387998,5.611,0.05,0.1,0.0,0.0,1.0,0.1,0.0,0.0,54.0,45.0,42.0,38.0,
1676067123.93988,5.611,0.048,0.053,0.0,0.05,1.0,0.05,0.0,0.0,55.0,42.0,42.0,38.0,
1676067124.1411238,5.611,0.0,0.095,0.0,0.0,1.0,0.0,0.0,0.0,55.0,42.0,42.0,38.0,
1676067124.3423371,5.653,0.05,0.1,0.0,0.048,1.0,0.0,0.048,0.0,55.0,42.0,42.0,38.0,
1676067124.5434246,5.653,0.0,0.14300000000000002,0.05,0.0,1.0,0.0,0.0,0.05,55.0,42.0,42.0,38.0,
1676067124.7444944,5.653,0.05,0.05,0.0,0.0,1.0,0.048,0.0,0.0,55.0,42.0,43.0,38.0,
1676067124.945562,5.489,0.05,0.1,0.0,0.091,1.0,0.095,0.0,0.0,55.0,42.0,43.0,39.0,
1676067125.1466317,5.489,0.0,0.0,0.0,0.0,1.0,0.0,0.05,0.0,55.0,42.0,43.0,39.0,
1676067125.3477309,5.489,0.095,0.136,0.0,0.0,1.0,0.15,0.048,0.048,55.0,43.0,43.0,39.0,
1676067125.5488071,5.489,0.048,0.053,0.0,0.0,1.0,0.048,0.05,0.048,55.0,43.0,43.0,39.0,
1676067125.7499948,5.489,0.0,0.053,0.0,0.048,1.0,0.0,0.0,0.0,55.0,42.0,43.0,39.0,
1676067125.951064,5.607,0.095,0.095,0.0,0.0,1.0,0.05,0.0,0.0,55.0,43.0,43.0,39.0,
1676067126.152136,5.607,0.0,0.14300000000000002,0.05,0.05,1.0,0.0,0.0,0.0,55.0,43.0,43.0,39.0,
1676067126.3533568,5.607,0.05,0.1,0.0,0.0,1.0,0.091,0.0,0.0,55.0,43.0,43.0,39.0,
1676067126.5544283,5.607,0.05,0.053,0.0,0.0,1.0,0.0,0.048,0.0,55.0,43.0,43.0,39.0,
1676067126.7554944,5.607,0.0,0.136,0.0,0.0,1.0,0.0,0.05,0.0,55.0,43.0,43.0,39.0,
1676067126.956579,5.676,0.05,0.053,0.0,0.091,1.0,0.1,0.048,0.048,55.0,43.0,44.0,39.0,
1676067127.1576474,5.676,0.05,0.1,0.0,0.0,1.0,0.048,0.05,0.0,55.0,43.0,43.0,39.0,
1676067127.3587153,5.676,0.05,0.05,0.0,0.0,1.0,0.05,0.0,0.0,55.0,43.0,44.0,39.0,
1676067127.5598097,5.676,0.0,0.14300000000000002,0.0,0.05,1.0,0.048,0.05,0.0,55.0,43.0,43.0,39.0,
1676067127.7610414,5.676,0.095,0.053,0.0,0.0,1.0,0.0,0.048,0.0,55.0,43.0,43.0,39.0,
1676067127.9621143,5.676,0.05,0.095,0.0,0.0,1.0,0.05,0.0,0.0,55.0,43.0,43.0,39.0,
1676067128.1631985,5.676,0.0,0.1,0.0,0.0,1.0,0.0,0.048,0.05,56.0,43.0,43.0,39.0,
1676067128.364308,5.676,0.095,0.053,0.0,0.091,1.0,0.15,0.0,0.091,55.0,44.0,44.0,39.0,
1676067128.5655215,5.676,0.0,0.136,0.0,0.0,1.0,0.0,0.0,0.0,56.0,43.0,43.0,39.0,
1676067128.766593,5.676,0.0,0.053,0.0,0.0,1.0,0.048,0.0,0.0,56.0,43.0,43.0,39.0,
1676067128.9676487,5.676,0.048,0.1,0.0,0.05,1.0,0.048,0.048,0.0,55.0,43.0,44.0,39.0,
1676067129.1687179,5.645,0.05,0.095,0.0,0.0,1.0,0.0,0.091,0.0,56.0,43.0,44.0,39.0,
1676067129.3697972,5.645,0.05,0.053,0.048,0.0,1.0,0.05,0.0,0.0,55.0,43.0,43.0,40.0,
1676067129.5708632,5.645,0.05,0.14300000000000002,0.0,0.0,1.0,0.048,0.0,0.0,56.0,43.0,44.0,39.0,
1676067129.7719266,5.645,0.0,0.1,0.048,0.0,1.0,0.05,0.048,0.0,56.0,43.0,44.0,39.0,
1676067129.9731896,5.599,0.05,0.05,0.0,0.0,1.0,0.182,0.048,0.048,56.0,44.0,44.0,39.0,
1676067130.174247,5.599,0.05,0.1,0.0,0.091,1.0,0.0,0.0,0.0,56.0,43.0,44.0,40.0,
1676067130.3753223,5.599,0.05,0.1,0.0,0.05,1.0,0.0,0.091,0.0,56.0,44.0,44.0,40.0,
1676067130.5763965,5.599,0.0,0.05,0.0,0.0,1.0,0.048,0.05,0.0,56.0,43.0,44.0,40.0,
1676067130.7775872,5.599,0.095,0.1,0.0,0.0,1.0,0.0,0.048,0.0,56.0,44.0,44.0,40.0,
1676067130.9786549,5.683,0.05,0.1,0.0,0.0,1.0,0.0,0.0,0.095,56.0,43.0,44.0,40.0,
1676067131.1797154,5.683,0.0,0.095,0.0,0.0,1.0,0.0,0.0,0.0,56.0,43.0,44.0,39.0,
1676067131.3807929,5.683,0.095,0.1,0.0,0.0,1.0,0.053,0.048,0.091,55.0,46.0,44.0,40.0,
1676067131.581874,5.683,0.0,0.053,0.0,0.0,1.0,0.0,0.095,0.0,56.0,44.0,44.0,40.0,
1676067131.782942,5.683,0.05,0.136,0.0,0.0,1.0,0.0,0.048,0.0,56.0,43.0,44.0,40.0,
1676067131.9840157,5.668,0.05,0.053,0.0,0.048,1.0,0.0,0.0,0.05,56.0,44.0,44.0,40.0,
1676067132.18523,5.668,0.05,0.1,0.0,0.0,1.0,0.0,0.048,0.0,56.0,44.0,44.0,40.0,
1676067132.3863037,5.668,0.0,0.095,0.0,0.048,1.0,0.05,0.0,0.048,56.0,44.0,44.0,40.0,
1676067132.5873861,5.668,0.05,0.1,0.0,0.048,1.0,0.0,0.0,0.048,56.0,44.0,44.0,40.0,
1676067132.7884758,5.668,0.05,0.053,0.0,0.048,1.0,0.048,0.048,0.048,56.0,43.0,44.0,40.0,
1676067132.989577,5.668,0.0,0.05,0.048,0.0,1.0,0.15,0.0,0.05,56.0,44.0,44.0,40.0,
1676067133.1906497,5.71,0.05,0.14300000000000002,0.0,0.0,1.0,0.0,0.0,0.0,56.0,44.0,44.0,40.0,
1676067133.3917217,5.71,0.05,0.053,0.048,0.048,1.0,0.048,0.091,0.0,56.0,44.0,44.0,40.0,
1676067133.5927796,5.71,0.05,0.053,0.0,0.0,1.0,0.136,0.0,0.091,56.0,44.0,44.0,40.0,
1676067133.7938335,5.71,0.0,0.095,0.0,0.0,1.0,0.048,0.0,0.0,56.0,44.0,44.0,40.0,
1676067133.994998,5.687,0.263,0.1,0.0,0.0,1.0,0.105,0.0,0.0,56.0,44.0,45.0,40.0,
1676067134.196074,5.687,0.05,0.1,0.0,0.0,1.0,0.0,0.048,0.0,56.0,44.0,44.0,40.0,
1676067134.3973095,5.687,0.05,0.1,0.0,0.0,1.0,0.05,0.095,0.0,56.0,44.0,45.0,40.0,
1676067134.5984058,5.687,0.0,0.05,0.048,0.0,1.0,0.14300000000000002,0.0,0.0,57.0,44.0,44.0,40.0,
1676067134.7994723,5.687,0.05,0.1,0.0,0.05,1.0,0.0,0.0,0.048,56.0,44.0,44.0,40.0,
1676067135.0005336,5.687,0.048,0.14300000000000002,0.0,0.091,1.0,0.0,0.0,0.0,56.0,44.0,44.0,40.0,
1676067135.2016096,5.668,0.0,0.05,0.0,0.048,1.0,0.0,0.0,0.0,57.0,44.0,44.0,40.0,
1676067135.4026804,5.668,0.048,0.1,0.0,0.0,1.0,0.0,0.0,0.0,56.0,44.0,44.0,40.0,
1676067135.6037505,5.668,0.0,0.1,0.0,0.05,1.0,0.0,0.0,0.0,57.0,44.0,44.0,40.0,
1676067135.8048065,5.668,0.05,0.05,0.0,0.0,1.0,0.048,0.0,0.0,57.0,44.0,44.0,40.0,
1676067136.0058994,5.607,0.05,0.1,0.0,0.0,1.0,0.15,0.048,0.0,57.0,45.0,45.0,40.0,
1676067136.2069547,5.607,0.05,0.053,0.0,0.0,1.0,0.0,0.0,0.0,57.0,44.0,44.0,40.0,
1676067136.4080236,5.607,0.048,0.136,0.0,0.048,1.0,0.048,0.0,0.05,56.0,44.0,44.0,40.0,
1676067136.6092546,5.607,0.0,0.1,0.0,0.0,1.0,0.0,0.0,0.0,57.0,44.0,44.0,40.0,
1676067136.8104553,5.607,0.05,0.05,0.0,0.0,1.0,0.0,0.05,0.0,57.0,44.0,44.0,40.0,
1676067137.0115209,5.607,0.048,0.1,0.0,0.095,1.0,0.0,0.0,0.0,57.0,44.0,44.0,40.0,
1676067137.2125866,5.607,0.0,0.053,0.048,0.0,1.0,0.0,0.0,0.0,57.0,44.0,44.0,40.0,
1676067137.4136426,5.607,0.0,0.05,0.0,0.0,1.0,0.0,0.048,0.0,56.0,44.0,44.0,40.0,
1676067137.6147537,5.607,0.095,0.1,0.0,0.0,1.0,0.15,0.05,0.048,57.0,44.0,45.0,40.0,
1676067137.8158479,5.607,0.0,0.14300000000000002,0.0,0.0,1.0,0.095,0.048,0.0,57.0,44.0,45.0,40.0,
1676067138.0170786,5.607,0.05,0.05,0.0,0.0,1.0,0.0,0.0,0.0,57.0,44.0,45.0,40.0,
1676067138.2181396,5.607,0.05,0.053,0.0,0.05,1.0,0.0,0.0,0.0,57.0,44.0,45.0,40.0,
1676067138.4192028,5.775,0.05,0.14300000000000002,0.0,0.0,1.0,0.048,0.0,0.0,57.0,44.0,45.0,40.0,
1676067138.6202705,5.775,0.0,0.053,0.0,0.05,1.0,0.0,0.048,0.048,57.0,44.0,45.0,40.0,
1676067138.821484,5.775,0.095,0.095,0.0,0.048,1.0,0.0,0.0,0.0,57.0,44.0,44.0,40.0,
1676067139.0225596,5.775,0.0,0.053,0.0,0.0,1.0,0.1,0.0,0.048,56.0,47.0,45.0,40.0,
1676067139.2236757,5.538,0.05,0.182,0.0,0.0,1.0,0.095,0.0,0.091,57.0,44.0,45.0,40.0,
1676067139.4247558,5.538,0.0,0.095,0.0,0.0,1.0,0.0,0.048,0.0,57.0,44.0,45.0,40.0,
1676067139.6258214,5.538,0.0,0.0,0.048,0.0,1.0,0.0,0.0,0.0,57.0,44.0,45.0,40.0,
1676067139.8268847,5.538,0.095,0.1,0.0,0.0,1.0,0.0,0.0,0.0,57.0,44.0,45.0,40.0,
1676067140.0280187,5.63,0.05,0.1,0.0,0.0,1.0,0.048,0.095,0.0,57.0,44.0,45.0,40.0,
1676067140.2292404,5.63,0.0,0.095,0.0,0.0,1.0,0.0,0.0,0.0,57.0,44.0,45.0,40.0,
1676067140.4303114,5.63,0.048,0.1,0.048,0.0,1.0,0.0,0.048,0.0,57.0,44.0,45.0,40.0,
1676067140.6314106,5.63,0.05,0.14300000000000002,0.0,0.048,1.0,0.15,0.05,0.0,57.0,45.0,45.0,40.0,
1676067140.8324873,5.63,0.0,0.095,0.0,0.0,1.0,0.0,0.0,0.048,57.0,44.0,45.0,41.0,
1676067141.033563,5.802,0.095,0.053,0.0,0.0,1.0,0.0,0.0,0.0,57.0,44.0,45.0,40.0,
1676067141.234664,5.802,0.05,0.053,0.0,0.05,1.0,0.0,0.0,0.0,57.0,44.0,45.0,40.0,
1676067141.435735,5.802,0.05,0.095,0.0,0.0,1.0,0.0,0.0,0.0,57.0,44.0,45.0,40.0,
1676067141.6368017,5.802,0.0,0.1,0.0,0.0,1.0,0.0,0.0,0.0,57.0,44.0,45.0,40.0,
1676067141.8378627,5.638,0.05,0.1,0.0,0.05,1.0,0.0,0.0,0.0,57.0,44.0,45.0,41.0,
1676067142.038937,5.638,0.05,0.05,0.0,0.0,1.0,0.0,0.0,0.0,57.0,44.0,45.0,40.0,
1676067142.2400277,5.638,0.0,0.14300000000000002,0.0,0.048,1.0,0.1,0.0,0.0,57.0,45.0,45.0,41.0,
1676067142.44127,5.638,0.095,0.053,0.0,0.05,1.0,0.0,0.05,0.05,57.0,44.0,45.0,41.0,
1676067142.6423495,5.638,0.0,0.095,0.0,0.0,1.0,0.091,0.0,0.0,57.0,45.0,45.0,41.0,
1676067142.843441,5.725,0.095,0.053,0.0,0.048,1.0,0.0,0.0,0.0,57.0,44.0,45.0,41.0,
1676067143.0445118,5.725,0.05,0.1,0.0,0.0,1.0,0.0,0.0,0.05,57.0,44.0,45.0,41.0,
1676067143.2455783,5.725,0.0,0.1,0.0,0.0,1.0,0.0,0.0,0.0,57.0,44.0,45.0,41.0,
1676067143.4466422,5.725,0.0,0.05,0.048,0.0,1.0,0.0,0.0,0.0,57.0,45.0,45.0,41.0,
1676067143.64773,5.725,0.05,0.1,0.0,0.091,1.0,0.15,0.0,0.0,57.0,45.0,45.0,41.0,
1676067143.848796,5.725,0.048,0.095,0.0,0.0,1.0,0.0,0.0,0.0,57.0,45.0,45.0,41.0,
1676067144.0498648,5.687,0.0,0.053,0.0,0.0,1.0,0.0,0.0,0.0,57.0,44.0,45.0,41.0,
1676067144.2509425,5.687,0.05,0.053,0.0,0.0,1.0,0.0,0.0,0.048,57.0,44.0,45.0,41.0,
1676067144.4520113,5.687,0.048,0.174,0.048,0.05,1.0,0.048,0.0,0.0,57.0,45.0,45.0,41.0,
1676067144.6532266,5.687,0.05,0.053,0.0,0.0,1.0,0.0,0.0,0.0,57.0,45.0,45.0,41.0,
1676067144.8542902,5.687,0.0,0.1,0.0,0.048,1.0,0.0,0.048,0.0,57.0,45.0,45.0,41.0,
1676067145.0553627,5.699,0.095,0.095,0.0,0.0,1.0,0.0,0.0,0.0,57.0,44.0,45.0,41.0,
1676067145.2564454,5.699,0.0,0.1,0.0,0.0,1.0,0.105,0.0,0.0,57.0,45.0,45.0,41.0,
1676067145.4576283,5.699,0.048,0.053,0.0,0.0,1.0,0.0,0.0,0.0,57.0,45.0,45.0,41.0,
1676067145.6586916,5.699,0.05,0.05,0.0,0.0,1.0,0.0,0.0,0.0,57.0,45.0,45.0,41.0,
1676067145.8597593,5.699,0.05,0.182,0.0,0.05,1.0,0.0,0.0,0.0,57.0,45.0,45.0,41.0,
1676067146.061107,5.718,0.35,0.105,0.0,0.091,1.0,0.05,0.0,0.0,57.0,45.0,45.0,41.0,
1676067146.2621984,5.718,0.0,0.053,0.0,0.0,1.0,0.0,0.0,0.0,57.0,45.0,45.0,41.0,
1676067146.4632711,5.718,0.05,0.095,0.0,0.0,1.0,0.0,0.048,0.0,57.0,45.0,45.0,41.0,
1676067146.6643476,5.718,0.05,0.1,0.0,0.0,1.0,0.1,0.0,0.0,57.0,48.0,45.0,41.0,
1676067146.865563,5.68,0.0,0.136,0.048,0.048,1.0,0.05,0.0,0.0,57.0,45.0,45.0,41.0,
1676067147.0666325,5.68,0.05,0.053,0.0,0.0,1.0,0.048,0.05,0.0,57.0,45.0,45.0,41.0,
1676067147.2677395,5.68,0.0,0.1,0.0,0.05,0.905,0.0,0.0,0.0,47.0,44.0,45.0,40.0,
1676067147.4689784,5.68,0.05,0.095,0.0,0.048,0.0,0.0,0.0,0.0,41.0,41.0,43.0,39.0,
1676067147.6701107,5.68,0.0,0.053,0.0,0.0,0.0,0.0,0.0,0.0,39.0,39.0,42.0,37.0,
1676067147.8712096,2.794,0.0,0.1,0.0,0.0,0.0,0.0,0.0,0.0,38.0,38.0,41.0,37.0,
1676067148.0722828,2.794,0.095,0.05,0.0,0.0,0.0,0.048,0.0,0.048,37.0,37.0,40.0,36.0,
1676067148.2735465,2.794,0.0,0.053,0.0,0.0,0.0,0.15,0.0,0.0,38.0,38.0,40.0,36.0,
1676067148.4747622,2.794,0.05,0.1,0.0,0.0,0.0,0.0,0.0,0.0,37.0,37.0,40.0,36.0,
1676067148.6758316,2.794,0.05,0.095,0.0,0.05,0.0,0.0,0.0,0.0,37.0,36.0,39.0,35.0,
1676067148.8770654,2.725,0.05,0.1,0.0,0.0,0.0,0.0,0.0,0.0,36.0,36.0,39.0,35.0,
1676067149.0781784,2.725,0.05,0.053,0.0,0.048,0.0,0.0,0.0,0.0,36.0,36.0,39.0,35.0,
1676067149.2792842,2.725,0.222,0.14300000000000002,0.0,0.0,0.0,0.0,0.0,0.1,36.0,36.0,39.0,35.0,
1676067149.4803882,2.725,0.1,0.095,0.05,0.091,0.0,0.0,0.0,0.0,36.0,35.0,38.0,34.0,
1676067149.6816115,2.725,0.0,0.053,0.0,0.0,0.0,0.0,0.0,0.0,35.0,35.0,38.0,34.0,
1676067149.8828619,2.725,0.05,0.174,0.048,0.0,0.0,0.15,0.0,0.0,35.0,35.0,38.0,34.0,
1676067150.0839841,2.748,0.05,0.053,0.048,0.048,0.0,0.0,0.095,0.0,35.0,35.0,38.0,34.0,
1676067150.2852345,2.748,0.0,0.1,0.0,0.0,0.0,0.0,0.0,0.0,35.0,35.0,38.0,34.0,
1676067150.4863124,2.748,0.048,0.05,0.0,0.0,0.0,0.0,0.048,0.0,35.0,34.0,38.0,34.0,
1676067150.6873748,2.748,0.05,0.1,0.0,0.05,0.0,0.0,0.0,0.05,35.0,34.0,37.0,34.0,
1676067150.8884492,2.695,0.05,0.1,0.0,0.0,0.0,0.0,0.0,0.0,35.0,34.0,37.0,33.0,
1676067151.0896506,2.695,0.05,0.05,0.0,0.0,0.0,0.048,0.0,0.0,35.0,34.0,37.0,33.0,
1676067151.290741,2.695,0.05,0.1,0.0,0.0,0.0,0.105,0.0,0.0,35.0,35.0,37.0,33.0,
1676067151.49182,2.695,0.0,0.1,0.0,0.091,0.0,0.0,0.0,0.0,35.0,34.0,37.0,33.0,
1676067151.693068,2.695,0.0,0.136,0.0,0.048,0.0,0.0,0.0,0.0,34.0,34.0,37.0,33.0,
1676067151.8941503,2.695,0.091,0.053,0.0,0.0,0.0,0.0,0.0,0.0,34.0,34.0,37.0,33.0,
1676067152.0952833,2.683,0.0,0.1,0.0,0.0,0.0,0.0,0.0,0.0,34.0,34.0,37.0,33.0,
1676067152.296373,2.683,0.13,0.1,0.0,0.0,0.0,0.0,0.048,0.0,34.0,34.0,36.0,33.0,
1676067152.497623,2.683,0.0,0.05,0.0,0.0,0.0,0.048,0.0,0.0,34.0,34.0,37.0,33.0,
1676067152.698722,2.683,0.05,0.1,0.0,0.0,0.0,0.0,0.0,0.0,34.0,34.0,37.0,33.0,
1676067152.8998582,2.748,0.095,0.095,0.0,0.048,0.0,0.1,0.0,0.0,34.0,34.0,37.0,33.0,
1676067153.1011317,2.748,0.0,0.053,0.05,0.048,0.0,0.048,0.0,0.0,34.0,34.0,36.0,33.0,
1676067153.3022156,2.748,0.095,0.1,0.0,0.0,0.0,0.0,0.0,0.0,34.0,33.0,36.0,33.0,
1676067153.5033128,2.748,0.0,0.095,0.0,0.0,0.0,0.0,0.048,0.0,34.0,33.0,36.0,33.0,
1676067153.7043781,2.748,0.0,0.1,0.0,0.0,0.0,0.0,0.0,0.0,34.0,33.0,36.0,33.0,
1676067153.9055812,2.672,0.05,0.095,0.0,0.0,0.0,0.0,0.0,0.0,34.0,33.0,36.0,33.0,
1676067154.1066823,2.672,0.05,0.053,0.0,0.05,0.0,0.0,0.0,0.0,34.0,33.0,36.0,32.0,
1676067154.3077593,2.672,0.05,0.14300000000000002,0.0,0.048,0.0,0.1,0.0,0.0,34.0,35.0,37.0,33.0,
1676067154.5089984,2.672,0.0,0.05,0.048,0.048,0.048,0.0,0.0,0.0,34.0,33.0,36.0,32.0,
1676067154.7101529,2.672,0.095,0.053,0.0,0.0,0.0,0.048,0.1,0.1,34.0,34.0,37.0,33.0,
1676067154.9112325,2.95,0.05,0.1,0.0,0.048,0.0,0.0,0.0,0.0,34.0,33.0,36.0,33.0,
1676067155.1123226,2.95,0.05,0.095,0.0,0.0,0.0,0.0,0.0,0.0,34.0,33.0,36.0,32.0,
1676067155.313538,2.95,0.05,0.1,0.0,0.0,0.0,0.0,0.0,0.0,33.0,33.0,36.0,32.0,
1676067155.514623,2.95,0.0,0.1,0.0,0.0,0.0,0.0,0.1,0.0,34.0,33.0,36.0,32.0,
1676067155.7157001,2.95,0.0,0.095,0.0,0.05,0.048,0.0,0.0,0.0,33.0,33.0,36.0,32.0,
1676067155.9168065,2.798,0.095,0.053,0.0,0.048,0.0,0.14300000000000002,0.0,0.05,34.0,33.0,36.0,32.0,
1676067156.1179078,2.798,0.0,0.14300000000000002,0.0,0.0,0.0,0.0,0.0,0.0,33.0,33.0,36.0,32.0,
1676067156.3189838,2.798,0.05,0.05,0.0,0.05,0.0,0.0,0.0,0.0,33.0,33.0,36.0,32.0,
1676067156.5200584,2.798,0.091,0.14300000000000002,0.048,0.048,0.0,0.0,0.0,0.0,33.0,33.0,36.0,32.0,
1676067156.721291,2.798,0.0,0.05,0.0,0.0,0.0,0.0,0.0,0.0,33.0,33.0,36.0,32.0,
1676067156.9223747,2.672,0.095,0.053,0.0,0.0,0.0,0.0,0.0,0.0,33.0,33.0,36.0,32.0,
1676067157.1234453,2.672,0.0,0.1,0.0,0.05,0.0,0.0,0.0,0.0,33.0,33.0,36.0,32.0,
1676067157.3245199,2.672,0.0,0.05,0.0,0.0,0.4,0.0,0.0,0.0,46.0,35.0,37.0,33.0,
1676067157.5256238,2.672,0.05,0.1,0.0,0.0,1.0,0.19,0.0,0.0,50.0,38.0,38.0,35.0,
1676067157.7267084,2.672,0.095,0.053,0.0,0.0,1.0,0.0,0.0,0.0,52.0,39.0,40.0,36.0,
1676067157.9277833,5.76,0.0,0.136,0.0,0.0,1.0,0.0,0.0,0.0,53.0,40.0,40.0,37.0,
1676067158.1290689,5.76,0.095,0.1,0.0,0.048,1.0,0.0,0.048,0.0,53.0,40.0,41.0,37.0,
1676067158.3301537,5.76,0.0,0.053,0.0,0.0,1.0,0.0,0.0,0.0,54.0,41.0,41.0,37.0,
1676067158.531231,5.76,0.05,0.095,0.0,0.048,1.0,0.048,0.0,0.0,54.0,41.0,42.0,38.0,
1676067158.7323048,5.76,0.05,0.1,0.0,0.0,1.0,0.0,0.0,0.0,54.0,42.0,42.0,38.0,
1676067158.9335675,5.817,0.05,0.1,0.0,0.0,1.0,0.105,0.0,0.0,55.0,43.0,43.0,38.0,
1676067159.1346748,5.817,0.0,0.05,0.048,0.0,1.0,0.048,0.0,0.095,55.0,42.0,43.0,38.0,
1676067159.3357675,5.817,0.048,0.1,0.0,0.091,1.0,0.0,0.0,0.0,55.0,43.0,43.0,39.0,
1676067159.5369976,5.817,0.05,0.1,0.0,0.05,1.0,0.0,0.048,0.0,55.0,43.0,43.0,39.0,
1676067159.738073,5.817,0.0,0.05,0.0,0.048,1.0,0.0,0.0,0.0,56.0,43.0,43.0,39.0,
1676067159.939172,5.828,0.1,0.1,0.048,0.0,1.0,0.0,0.0,0.0,56.0,43.0,43.0,39.0,
1676067160.1402693,5.828,0.0,0.053,0.0,0.0,1.0,0.0,0.0,0.0,56.0,43.0,43.0,39.0,
1676067160.3414764,5.828,0.048,0.095,0.0,0.0,1.0,0.0,0.0,0.0,56.0,43.0,43.0,39.0,
1676067160.5425694,5.828,0.05,0.1,0.0,0.0,1.0,0.105,0.048,0.048,56.0,44.0,44.0,40.0,
1676067160.7436414,5.828,0.0,0.095,0.0,0.048,1.0,0.0,0.0,0.0,56.0,44.0,44.0,40.0,
1676067160.9447265,5.859,0.053,0.1,0.0,0.048,1.0,0.0,0.0,0.048,56.0,44.0,44.0,40.0,
1676067161.1458368,5.859,0.05,0.1,0.0,0.0,1.0,0.0,0.0,0.0,57.0,44.0,44.0,40.0,
1676067161.3464003,5.859,0.095,0.095,0.0,0.0,1.0,0.0,0.0,0.0,57.0,44.0,44.0,40.0,
1676067161.5468383,5.859,0.0,0.0,0.0,0.0,1.0,0.0,0.048,0.0,57.0,44.0,44.0,40.0,
1676067161.7472012,5.859,0.048,0.0,0.0,0.0,1.0,0.0,0.0,0.0,57.0,44.0,44.0,40.0,
1676067161.9476674,5.882,0.1,0.0,0.0,0.0,1.0,0.158,0.0,0.0,56.0,47.0,45.0,40.0,
1676067162.1481068,5.882,0.0,0.0,0.0,0.0,1.0,0.0,0.0,0.0,57.0,44.0,44.0,40.0,
1676067162.348486,5.882,0.05,0.0,0.0,0.0,1.0,0.0,0.091,0.0,57.0,44.0,45.0,40.0,
1676067162.5489738,5.882,0.05,0.0,0.0,0.0,1.0,0.048,0.05,0.0,57.0,44.0,45.0,40.0,
1676067162.7494,5.882,0.05,0.0,0.0,0.0,1.0,0.0,0.0,0.0,57.0,44.0,45.0,40.0,
1676067162.9498448,5.882,0.053,0.0,0.0,0.0,1.0,0.0,0.0,0.048,57.0,45.0,45.0,40.0,
1676067163.1502745,5.901,0.05,0.0,0.0,0.0,1.0,0.0,0.0,0.0,57.0,44.0,45.0,40.0,
1676067163.350653,5.901,0.0,0.0,0.0,0.0,1.0,0.0,0.0,0.048,57.0,44.0,45.0,40.0,
1676067163.5510993,5.901,0.0,0.0,0.0,0.0,1.0,0.19,0.05,0.0,57.0,45.0,45.0,41.0,
1676067163.751528,5.901,0.048,0.0,0.0,0.0,1.0,0.091,0.0,0.05,57.0,45.0,45.0,41.0,
1676067163.9519258,5.828,0.05,0.0,0.0,0.0,1.0,0.048,0.048,0.0,57.0,45.0,45.0,41.0,
1676067164.152423,5.828,0.05,0.0,0.05,0.0,1.0,0.0,0.0,0.0,57.0,45.0,45.0,41.0,
1676067164.3529093,5.828,0.05,0.0,0.0,0.0,1.0,0.0,0.05,0.053,57.0,45.0,45.0,41.0,
1676067164.5534158,5.828,0.053,0.0,0.0,0.0,1.0,0.0,0.0,0.048,57.0,45.0,46.0,41.0,
1676067164.7537963,5.828,0.2,0.0,0.0,0.0,1.0,0.0,0.095,0.0,58.0,45.0,45.0,41.0,
1676067164.9541848,6.103,0.05,0.0,0.048,0.0,1.0,0.0,0.0,0.0,58.0,45.0,45.0,41.0,
1676067165.1546352,6.103,0.05,0.0,0.0,0.0,1.0,0.105,0.0,0.0,58.0,45.0,45.0,41.0,
1676067165.3550122,6.103,0.05,0.0,0.0,0.0,1.0,0.0,0.048,0.0,58.0,45.0,45.0,41.0,
1676067165.5554318,6.103,0.0,0.0,0.0,0.0,1.0,0.048,0.0,0.0,58.0,45.0,45.0,41.0,
1676067165.755804,6.103,0.095,0.0,0.0,0.0,1.0,0.0,0.0,0.0,58.0,45.0,45.0,41.0,
1676067165.9561832,5.893,0.0,0.0,0.0,0.0,1.0,0.0,0.048,0.0,58.0,45.0,45.0,41.0,
1676067166.1566002,5.893,0.05,0.0,0.0,0.0,1.0,0.0,0.048,0.048,58.0,45.0,45.0,41.0,
1676067166.357002,5.893,0.05,0.0,0.0,0.0,1.0,0.0,0.0,0.0,58.0,45.0,45.0,41.0,
1676067166.557454,5.893,0.048,0.0,0.0,0.0,1.0,0.15,0.0,0.0,58.0,47.0,46.0,41.0,
1676067166.7578466,5.893,0.0,0.0,0.0,0.0,1.0,0.0,0.0,0.0,58.0,45.0,46.0,41.0,
1676067166.9582608,5.981,0.1,0.0,0.0,0.0,1.0,0.0,0.0,0.0,58.0,45.0,46.0,41.0,
1676067167.1586804,5.981,0.0,0.0,0.0,0.0,1.0,0.0,0.0,0.0,58.0,45.0,45.0,41.0,
1676067167.359048,5.981,0.05,0.0,0.0,0.0,1.0,0.0,0.0,0.0,58.0,45.0,45.0,41.0,
1676067167.5594983,5.981,0.095,0.0,0.0,0.0,1.0,0.0,0.0,0.05,58.0,45.0,45.0,41.0,
1676067167.7598956,5.981,0.05,0.0,0.0,0.0,1.0,0.0,0.048,0.0,58.0,45.0,45.0,41.0,
1676067167.96029,5.939,0.1,0.0,0.0,0.0,1.0,0.0,0.0,0.0,58.0,46.0,46.0,41.0,
1676067168.1607347,5.939,0.0,0.0,0.0,0.0,1.0,0.15,0.048,0.0,58.0,46.0,46.0,41.0,
1676067168.3611176,5.939,0.0,0.0,0.048,0.0,1.0,0.0,0.048,0.0,58.0,45.0,46.0,41.0,
1676067168.5615442,5.939,0.05,0.0,0.0,0.0,1.0,0.0,0.0,0.0,58.0,46.0,45.0,41.0,
1676067168.7619143,5.939,0.05,0.0,0.0,0.0,1.0,0.0,0.0,0.0,58.0,46.0,46.0,41.0,
1676067168.9622962,5.863,0.05,0.0,0.0,0.0,1.0,0.0,0.0,0.0,58.0,46.0,46.0,41.0,
1676067169.1627321,5.863,0.0,0.0,0.0,0.0,1.0,0.0,0.05,0.0,58.0,45.0,46.0,41.0,
1676067169.363115,5.863,0.095,0.0,0.0,0.0,1.0,0.0,0.0,0.0,58.0,46.0,46.0,41.0,
1676067169.563549,5.863,0.05,0.0,0.0,0.0,1.0,0.0,0.0,0.0,58.0,45.0,46.0,41.0,
1676067169.7640026,5.863,0.14300000000000002,0.0,0.0,0.0,1.0,0.0,0.0,0.14300000000000002,58.0,46.0,46.0,41.0,
1676067169.964388,5.905,0.0,0.0,0.0,0.0,1.0,0.0,0.05,0.0,58.0,46.0,46.0,41.0,
1676067170.1648114,5.905,0.095,0.0,0.0,0.0,1.0,0.048,0.0,0.0,58.0,46.0,46.0,41.0,
1676067170.3651757,5.905,0.0,0.0,0.0,0.0,1.0,0.0,0.0,0.0,58.0,46.0,46.0,41.0,
1676067170.5655954,5.905,0.05,0.0,0.05,0.0,1.0,0.0,0.0,0.0,58.0,46.0,46.0,42.0,
1676067170.7659683,5.905,0.05,0.0,0.0,0.0,1.0,0.0,0.0,0.0,58.0,46.0,46.0,42.0,
1676067170.966344,5.905,0.053,0.0,0.0,0.0,1.0,0.0,0.0,0.0,58.0,46.0,46.0,42.0,
1676067171.1668007,5.905,0.048,0.0,0.0,0.0,1.0,0.0,0.0,0.15,58.0,46.0,46.0,42.0,
1676067171.36718,5.905,0.05,0.0,0.0,0.0,1.0,0.05,0.0,0.0,58.0,46.0,46.0,41.0,
1676067171.5676153,5.905,0.05,0.0,0.0,0.0,1.0,0.0,0.05,0.0,58.0,46.0,46.0,42.0,
1676067171.767986,5.905,0.0,0.0,0.0,0.0,1.0,0.05,0.0,0.0,58.0,46.0,46.0,42.0,
1676067171.9683938,5.92,0.095,0.0,0.0,0.0,1.0,0.0,0.13,0.0,58.0,46.0,46.0,42.0,
1676067172.1688147,5.92,0.0,0.0,0.0,0.0,1.0,0.0,0.0,0.0,58.0,46.0,46.0,42.0,
1676067172.369183,5.92,0.0,0.0,0.0,0.0,1.0,0.0,0.0,0.0,58.0,46.0,46.0,42.0,
1676067172.569641,5.92,0.05,0.0,0.0,0.0,1.0,0.048,0.05,0.0,58.0,46.0,46.0,42.0,
1676067172.7700891,5.92,0.0,0.0,0.0,0.0,1.0,0.0,0.05,0.14300000000000002,58.0,46.0,46.0,42.0,
1676067172.9704912,5.909,0.1,0.0,0.0,0.0,1.0,0.0,0.048,0.0,58.0,46.0,46.0,42.0,
1676067173.1709027,5.909,0.0,0.0,0.048,0.0,1.0,0.0,0.0,0.048,58.0,46.0,46.0,42.0,
1676067173.3712728,5.909,0.05,0.0,0.0,0.0,1.0,0.0,0.0,0.091,58.0,46.0,46.0,42.0,
1676067173.571703,5.909,0.05,0.0,0.0,0.0,1.0,0.0,0.0,0.0,59.0,46.0,46.0,42.0,
1676067173.7720883,5.909,0.05,0.0,0.0,0.0,1.0,0.0,0.0,0.0,59.0,46.0,46.0,42.0,
1676067173.9724636,5.931,0.05,0.0,0.0,0.0,1.0,0.05,0.048,0.0,59.0,46.0,46.0,42.0,
1676067174.1729927,5.931,0.0,0.0,0.0,0.0,1.0,0.0,0.0,0.14300000000000002,58.0,46.0,46.0,44.0,
1676067174.373418,5.931,0.105,0.0,0.0,0.0,1.0,0.0,0.0,0.0,59.0,46.0,46.0,42.0,
1676067174.5738518,5.931,0.22699999999999998,0.0,0.0,0.0,1.0,0.0,0.0,0.0,59.0,46.0,46.0,42.0,
1676067174.7742376,5.931,0.0,0.0,0.0,0.0,1.0,0.0,0.0,0.0,59.0,46.0,46.0,42.0,
1676067174.9746203,5.874,0.14300000000000002,0.0,0.0,0.053,1.0,0.0,0.05,0.0,59.0,46.0,46.0,42.0,
1676067175.1750498,5.874,0.0,0.0,0.0,0.0,1.0,0.048,0.0,0.0,59.0,46.0,46.0,42.0,
1676067175.3754184,5.874,0.05,0.0,0.0,0.0,1.0,0.0,0.05,0.0,59.0,46.0,46.0,42.0,
1676067175.5758386,5.874,0.0,0.0,0.0,0.0,1.0,0.05,0.0,0.0,58.0,46.0,46.0,42.0,
1676067175.776271,5.874,0.05,0.0,0.0,0.0,0.263,0.0,0.0,0.14300000000000002,44.0,43.0,45.0,41.0,
1676067175.9766343,5.859,0.05,0.05,0.0,0.0,0.0,0.0,0.05,0.05,41.0,41.0,43.0,39.0,
1676067176.177016,5.859,0.0,0.0,0.0,0.0,0.0,0.0,0.0,0.0,39.0,39.0,42.0,38.0,
1676067176.3773491,5.859,0.095,0.0,0.0,0.0,0.0,0.0,0.0,0.0,39.0,38.0,41.0,37.0,
1676067176.5777366,5.859,0.0,0.0,0.048,0.0,0.0,0.0,0.0,0.05,38.0,38.0,41.0,37.0,
1676067176.778065,5.859,0.05,0.0,0.0,0.0,0.0,0.0,0.0,0.048,38.0,37.0,40.0,36.0,
1676067176.97844,2.771,0.05,0.0,0.0,0.0,0.05,0.0,0.0,0.0,37.0,37.0,40.0,36.0,
1676067177.1788142,2.771,0.0,0.0,0.0,0.0,0.0,0.0,0.0,0.0,37.0,37.0,39.0,36.0,
1676067177.3792353,2.771,0.048,0.0,0.0,0.0,0.0,0.0,0.0,0.14300000000000002,37.0,36.0,39.0,36.0,
1676067177.579698,2.771,0.05,0.0,0.0,0.0,0.048,0.2,0.095,0.05,37.0,38.0,40.0,35.0,
1676067177.7801392,2.771,0.053,0.0,0.048,0.0,0.0,0.048,0.05,0.05,37.0,37.0,40.0,35.0,
1676067177.9805014,3.179,0.095,0.0,0.0,0.0,0.095,0.0,0.048,0.0,36.0,36.0,39.0,35.0,
1676067178.1809187,3.179,0.0,0.0,0.0,0.0,0.0,0.0,0.0,0.0,36.0,36.0,39.0,35.0,
1676067178.3812513,3.179,0.0,0.0,0.0,0.0,0.0,0.136,0.0,0.0,36.0,35.0,38.0,34.0,
1676067178.5816364,3.179,0.05,0.0,0.0,0.0,0.048,0.048,0.0,0.048,36.0,35.0,38.0,34.0,
1676067178.7820852,3.179,0.095,0.0,0.0,0.0,0.0,0.0,0.0,0.15,36.0,35.0,39.0,35.0,
1676067178.9824476,2.775,0.0,0.0,0.0,0.0,0.048,0.0,0.048,0.095,36.0,35.0,38.0,34.0,
1676067179.1828902,2.775,0.095,0.0,0.0,0.0,0.0,0.0,0.0,0.0,35.0,35.0,38.0,34.0,
1676067179.3832395,2.775,0.0,0.0,0.0,0.0,0.0,0.0,0.0,0.0,35.0,35.0,38.0,34.0,
1676067179.5836577,2.775,0.05,0.0,0.0,0.0,0.0,0.048,0.0,0.05,35.0,35.0,38.0,34.0,
1676067179.7839956,2.775,0.053,0.0,0.0,0.0,0.0,0.0,0.0,0.05,35.0,34.0,37.0,34.0,
1676067179.9843273,2.752,0.05,0.0,0.0,0.0,0.048,0.0,0.048,0.091,35.0,34.0,37.0,34.0,
1676067180.184697,2.752,0.05,0.0,0.0,0.0,0.0,0.0,0.095,0.0,35.0,34.0,37.0,33.0,
1676067180.3851104,2.752,0.048,0.0,0.0,0.0,0.0,0.048,0.0,0.15,35.0,35.0,37.0,34.0,
1676067180.5855057,2.752,0.0,0.0,0.0,0.0,0.0,0.136,0.0,0.0,35.0,34.0,37.0,33.0,
1676067180.7858448,2.752,0.0,0.0,0.0,0.0,0.0,0.0,0.048,0.0,34.0,34.0,37.0,33.0,
1676067180.9862008,2.607,0.053,0.0,0.0,0.0,0.0,0.0,0.0,0.048,34.0,34.0,37.0,33.0,
1676067181.186595,2.607,0.1,0.0,0.0,0.0,0.0,0.0,0.0,0.0,34.0,34.0,37.0,33.0,
1676067181.3869271,2.607,0.05,0.0,0.0,0.0,0.0,0.05,0.0,0.0,34.0,34.0,37.0,33.0,
1676067181.587313,2.607,0.05,0.0,0.0,0.0,0.048,0.0,0.0,0.05,34.0,34.0,37.0,33.0,
1676067181.7876856,2.607,0.048,0.0,0.0,0.0,0.0,0.0,0.0,0.0,34.0,34.0,37.0,33.0,
1676067181.9881039,2.741,0.0,0.0,0.0,0.0,0.05,0.0,0.0,0.1,34.0,34.0,37.0,33.0,
1676067182.1884546,2.741,0.048,0.0,0.0,0.0,0.0,0.048,0.048,0.0,34.0,34.0,37.0,33.0,
1676067182.388775,2.741,0.05,0.0,0.091,0.0,0.0,0.048,0.0,0.0,34.0,34.0,37.0,33.0,
1676067182.5891948,2.741,0.05,0.0,0.0,0.0,0.0,0.0,0.095,0.091,34.0,34.0,37.0,33.0,
1676067182.7895715,2.741,0.095,0.0,0.0,0.0,0.0,0.048,0.0,0.0,34.0,34.0,36.0,33.0,
1676067182.9899457,2.725,0.053,0.0,0.0,0.0,0.0,0.0,0.0,0.05,34.0,34.0,37.0,33.0,
1676067183.1902897,2.725,0.05,0.0,0.0,0.0,0.0,0.0,0.0,0.048,34.0,33.0,36.0,33.0,
1676067183.3906984,2.725,0.048,0.0,0.0,0.0,0.0,0.0,0.048,0.105,34.0,34.0,37.0,33.0,
1676067183.591098,2.725,0.0,0.0,0.0,0.0,0.0,0.091,0.0,0.0,34.0,34.0,36.0,33.0,
1676067183.7914338,2.725,0.095,0.0,0.0,0.0,0.048,0.0,0.0,0.048,34.0,33.0,36.0,33.0,
1676067183.9918113,2.695,0.053,0.0,0.0,0.0,0.0,0.05,0.048,0.05,34.0,34.0,37.0,33.0,
1676067184.1921992,2.695,0.0,0.0,0.0,0.0,0.048,0.0,0.0,0.0,34.0,33.0,36.0,33.0,
1676067184.3925376,2.695,0.05,0.0,0.0,0.0,0.0,0.0,0.0,0.0,34.0,33.0,36.0,33.0,
1676067184.5929697,2.695,0.048,0.0,0.0,0.0,0.048,0.048,0.048,0.0,34.0,33.0,36.0,32.0,
1676067184.7933085,2.695,0.0,0.0,0.0,0.0,0.05,0.0,0.0,0.0,34.0,33.0,36.0,32.0,
1676067184.9937348,2.699,0.1,0.0,0.0,0.0,0.0,0.0,0.0,0.19,34.0,33.0,37.0,33.0,
1676067185.1940951,2.699,0.15,0.0,0.0,0.0,0.05,0.0,0.0,0.0,34.0,33.0,36.0,32.0,
1676067185.394425,2.699,0.0,0.0,0.0,0.0,0.0,0.048,0.0,0.0,34.0,33.0,36.0,32.0,
1676067185.5948226,2.699,0.048,0.0,0.0,0.0,0.095,0.048,0.0,0.0,34.0,33.0,36.0,32.0,
1676067185.7952259,2.699,0.0,0.0,0.0,0.0,0.8,0.0,0.0,0.0,47.0,36.0,37.0,34.0,
1676067185.9956453,3.351,0.095,0.0,0.0,0.0,1.0,0.0,0.091,0.0,50.0,38.0,39.0,35.0,
1676067186.1960332,3.351,0.0,0.0,0.0,0.0,1.0,0.048,0.05,0.0,51.0,39.0,40.0,36.0,
1676067186.3964722,3.351,0.05,0.0,0.0,0.0,1.0,0.048,0.048,0.182,51.0,40.0,41.0,39.0,
1676067186.5969477,3.351,0.05,0.0,0.0,0.0,1.0,0.05,0.05,0.0,52.0,40.0,41.0,37.0,
1676067186.7973192,3.351,0.05,0.0,0.0,0.0,1.0,0.05,0.0,0.0,52.0,41.0,41.0,37.0,
1676067186.9977584,5.626,0.095,0.0,0.0,0.0,1.0,0.0,0.05,0.0,53.0,41.0,42.0,38.0,
1676067187.198146,5.626,0.0,0.0,0.05,0.0,1.0,0.0,0.048,0.0,53.0,41.0,42.0,38.0,
1676067187.398511,5.626,0.0,0.0,0.0,0.0,1.0,0.136,0.0,0.0,53.0,42.0,42.0,38.0,
1676067187.5989647,5.626,0.095,0.0,0.0,0.0,1.0,0.048,0.0,0.091,54.0,42.0,42.0,38.0,
1676067187.7993793,5.626,0.05,0.0,0.0,0.0,1.0,0.05,0.05,0.0,54.0,42.0,42.0,38.0,
1676067187.9998374,5.565,0.0,0.0,0.0,0.0,1.0,0.0,0.05,0.14300000000000002,54.0,42.0,43.0,39.0,
1676067188.2002335,5.565,0.091,0.0,0.048,0.0,1.0,0.048,0.0,0.0,54.0,42.0,43.0,39.0,
1676067188.4005957,5.565,0.0,0.0,0.0,0.0,1.0,0.05,0.05,0.0,54.0,42.0,43.0,39.0,
1676067188.601029,5.565,0.05,0.0,0.0,0.0,1.0,0.0,0.048,0.0,54.0,43.0,43.0,39.0,
1676067188.8014011,5.565,0.0,0.0,0.0,0.0,1.0,0.0,0.0,0.0,54.0,42.0,43.0,39.0,
1676067189.001826,5.546,0.1,0.0,0.0,0.0,1.0,0.05,0.0,0.048,54.0,43.0,43.0,39.0,
1676067189.2022586,5.546,0.0,0.0,0.0,0.0,1.0,0.0,0.0,0.0,55.0,43.0,43.0,39.0,
1676067189.402633,5.546,0.05,0.0,0.0,0.0,1.0,0.05,0.0,0.0,55.0,43.0,43.0,39.0,
1676067189.6030807,5.546,0.05,0.0,0.0,0.0,1.0,0.105,0.0,0.095,55.0,43.0,44.0,40.0,
1676067189.8034544,5.546,0.05,0.0,0.0,0.0,1.0,0.048,0.048,0.048,55.0,43.0,44.0,40.0,
1676067190.0038764,5.748,0.053,0.0,0.0,0.0,1.0,0.05,0.05,0.0,55.0,43.0,44.0,40.0,
1676067190.2042654,5.748,0.048,0.0,0.0,0.0,1.0,0.0,0.0,0.0,55.0,43.0,44.0,40.0,
1676067190.4046288,5.748,0.0,0.0,0.0,0.0,1.0,0.048,0.05,0.091,55.0,43.0,44.0,40.0,
1676067190.6050534,5.748,0.095,0.0,0.0,0.0,1.0,0.095,0.13,0.0,55.0,43.0,44.0,40.0,
1676067190.8054276,5.748,0.0,0.0,0.0,0.0,1.0,0.091,0.0,0.05,55.0,43.0,44.0,40.0,
1676067191.0058784,5.748,0.048,0.0,0.0,0.048,1.0,0.15,0.0,0.0,55.0,45.0,44.0,40.0,
1676067191.2062738,5.603,0.0,0.0,0.0,0.0,1.0,0.0,0.0,0.091,56.0,44.0,44.0,40.0,
1676067191.406637,5.603,0.091,0.0,0.0,0.0,1.0,0.0,0.0,0.0,55.0,44.0,44.0,40.0,
1676067191.6070654,5.603,0.0,0.0,0.0,0.0,1.0,0.0,0.0,0.0,55.0,44.0,44.0,40.0,
1676067191.807442,5.603,0.05,0.0,0.0,0.0,1.0,0.05,0.0,0.0,56.0,44.0,44.0,40.0,
1676067192.0078914,5.561,0.05,0.0,0.048,0.0,1.0,0.048,0.0,0.0,55.0,44.0,45.0,40.0,
1676067192.208285,5.561,0.05,0.0,0.0,0.0,1.0,0.0,0.048,0.0,56.0,44.0,44.0,40.0,
1676067192.408654,5.561,0.0,0.0,0.0,0.0,1.0,0.0,0.0,0.048,56.0,44.0,44.0,40.0,
1676067192.609116,5.561,0.095,0.0,0.0,0.0,1.0,0.158,0.0,0.048,56.0,44.0,44.0,40.0,
1676067192.8095422,5.676,0.0,0.0,0.0,0.0,1.0,0.0,0.0,0.0,56.0,44.0,45.0,40.0,
1676067193.0099738,5.676,0.05,0.0,0.0,0.0,1.0,0.05,0.0,0.05,56.0,44.0,45.0,40.0,
1676067193.2103603,5.676,0.05,0.0,0.0,0.0,1.0,0.048,0.048,0.0,56.0,44.0,45.0,40.0,
1676067193.4107196,5.676,0.05,0.0,0.0,0.0,1.0,0.0,0.0,0.0,56.0,44.0,44.0,40.0,
1676067193.611136,5.676,0.05,0.0,0.0,0.0,1.0,0.095,0.0,0.0,56.0,44.0,45.0,40.0,
1676067193.8115168,5.676,0.05,0.0,0.0,0.0,1.0,0.048,0.048,0.05,56.0,44.0,45.0,40.0,
1676067194.0119936,5.63,0.05,0.0,0.05,0.0,1.0,0.05,0.05,0.0,56.0,45.0,45.0,40.0,
1676067194.2124462,5.63,0.0,0.0,0.0,0.0,1.0,0.15,0.091,0.0,56.0,44.0,45.0,40.0,
1676067194.4128633,5.63,0.048,0.0,0.0,0.0,1.0,0.0,0.0,0.0,56.0,44.0,45.0,40.0,
1676067194.6132858,5.63,0.048,0.0,0.0,0.0,1.0,0.048,0.0,0.0,56.0,44.0,45.0,40.0,
1676067194.8136678,5.63,0.0,0.0,0.0,0.0,1.0,0.048,0.0,0.0,56.0,44.0,45.0,40.0,
1676067195.0140865,5.569,0.1,0.0,0.0,0.0,1.0,0.0,0.05,0.0,56.0,44.0,45.0,40.0,
1676067195.2144668,5.569,0.0,0.0,0.0,0.0,1.0,0.0,0.0,0.0,56.0,44.0,44.0,40.0,
1676067195.4148395,5.569,0.263,0.0,0.0,0.0,1.0,0.048,0.105,0.0,56.0,44.0,45.0,41.0,
1676067195.6152902,5.569,0.05,0.0,0.0,0.0,1.0,0.105,0.0,0.0,56.0,45.0,45.0,41.0,
1676067195.8156638,5.569,0.0,0.0,0.0,0.0,1.0,0.0,0.0,0.0,56.0,44.0,45.0,40.0,
1676067196.0160723,5.855,0.095,0.0,0.0,0.0,1.0,0.0,0.05,0.048,56.0,44.0,45.0,41.0,
1676067196.2164586,5.855,0.0,0.0,0.0,0.0,1.0,0.0,0.0,0.0,56.0,44.0,45.0,40.0,
1676067196.4168603,5.855,0.0,0.0,0.0,0.0,1.0,0.0,0.05,0.05,56.0,44.0,45.0,41.0,
1676067196.6172912,5.855,0.095,0.0,0.0,0.0,1.0,0.0,0.0,0.048,56.0,44.0,45.0,41.0,
1676067196.8176754,5.855,0.05,0.0,0.0,0.0,1.0,0.0,0.0,0.0,56.0,45.0,45.0,41.0,
1676067197.0181036,5.615,0.0,0.0,0.048,0.0,1.0,0.0,0.0,0.0,56.0,45.0,45.0,41.0,
1676067197.2185566,5.615,0.095,0.0,0.0,0.0,1.0,0.15,0.0,0.0,56.0,45.0,45.0,41.0,
1676067197.4189672,5.615,0.0,0.0,0.0,0.0,1.0,0.0,0.091,0.0,56.0,45.0,45.0,41.0,
1676067197.6194043,5.615,0.05,0.0,0.0,0.0,1.0,0.0,0.0,0.0,56.0,45.0,45.0,41.0,
1676067197.8198147,5.615,0.05,0.0,0.0,0.0,1.0,0.0,0.048,0.0,56.0,45.0,45.0,41.0,
1676067198.0202367,5.576,0.053,0.0,0.0,0.0,1.0,0.0,0.0,0.0,56.0,45.0,45.0,41.0,
1676067198.2206185,5.576,0.0,0.0,0.0,0.0,1.0,0.0,0.0,0.05,56.0,44.0,45.0,41.0,
1676067198.4209836,5.576,0.095,0.0,0.0,0.0,1.0,0.0,0.0,0.0,56.0,45.0,45.0,41.0,
1676067198.621442,5.576,0.0,0.0,0.0,0.048,1.0,0.15,0.0,0.05,56.0,47.0,45.0,41.0,
1676067198.8218381,5.576,0.05,0.0,0.0,0.0,1.0,0.0,0.0,0.0,56.0,45.0,45.0,41.0,
1676067199.02225,5.576,0.048,0.0,0.0,0.0,1.0,0.048,0.0,0.0,56.0,45.0,45.0,41.0,
1676067199.2226746,5.592,0.053,0.0,0.0,0.0,1.0,0.0,0.0,0.0,56.0,45.0,45.0,41.0,
1676067199.42313,5.592,0.0,0.0,0.0,0.0,1.0,0.0,0.0,0.0,56.0,44.0,45.0,41.0,
1676067199.6235728,5.592,0.095,0.0,0.0,0.0,1.0,0.0,0.0,0.048,56.0,45.0,45.0,41.0,
1676067199.8239574,5.592,0.0,0.0,0.0,0.0,1.0,0.0,0.0,0.0,56.0,45.0,45.0,41.0,
1676067200.0243807,5.622,0.1,0.0,0.0,0.0,1.0,0.0,0.0,0.048,56.0,45.0,45.0,41.0,
1676067200.224865,5.622,0.0,0.0,0.048,0.0,1.0,0.19,0.0,0.05,57.0,45.0,45.0,41.0,
1676067200.425239,5.622,0.05,0.0,0.0,0.0,1.0,0.0,0.0,0.0,57.0,45.0,45.0,41.0,
1676067200.6256654,5.622,0.0,0.0,0.0,0.0,1.0,0.0,0.0,0.0,56.0,45.0,45.0,41.0,
1676067200.8260455,5.622,0.0,0.0,0.0,0.0,1.0,0.0,0.0,0.0,56.0,45.0,45.0,41.0,
1676067201.0264602,5.527,0.1,0.0,0.0,0.0,1.0,0.0,0.05,0.0,56.0,45.0,45.0,41.0,
1676067201.2268555,5.527,0.0,0.0,0.0,0.0,1.0,0.0,0.0,0.0,56.0,45.0,45.0,41.0,
1676067201.42728,5.527,0.0,0.0,0.0,0.0,1.0,0.0,0.0,0.0,56.0,45.0,45.0,41.0,
1676067201.6277177,5.527,0.095,0.0,0.0,0.0,1.0,0.05,0.05,0.0,57.0,45.0,45.0,41.0,
1676067201.8281665,5.618,0.05,0.0,0.048,0.0,1.0,0.105,0.05,0.05,56.0,45.0,46.0,41.0,
1676067202.0286038,5.618,0.0,0.0,0.0,0.0,1.0,0.048,0.0,0.0,57.0,45.0,45.0,41.0,
1676067202.2289872,5.618,0.05,0.0,0.0,0.0,1.0,0.0,0.0,0.0,57.0,45.0,45.0,41.0,
1676067202.4293833,5.618,0.05,0.0,0.0,0.0,1.0,0.0,0.0,0.0,57.0,45.0,45.0,41.0,
1676067202.6298192,5.618,0.05,0.0,0.0,0.0,1.0,0.0,0.0,0.0,57.0,45.0,46.0,41.0,
1676067202.830219,5.618,0.095,0.0,0.0,0.0,1.0,0.0,0.0,0.0,57.0,45.0,45.0,41.0,
1676067203.0306568,5.63,0.05,0.0,0.0,0.0,1.0,0.0,0.0,0.0,57.0,45.0,45.0,41.0,
1676067203.2310996,5.63,0.0,0.0,0.0,0.048,1.0,0.1,0.048,0.0,57.0,46.0,46.0,41.0,
1676067203.4314835,5.63,0.095,0.0,0.0,0.0,1.0,0.05,0.0,0.05,57.0,45.0,46.0,41.0,
1676067203.6319168,5.63,0.0,0.0,0.0,0.0,1.0,0.048,0.0,0.048,57.0,45.0,45.0,41.0,
1676067203.8322904,5.63,0.048,0.0,0.0,0.0,1.0,0.0,0.0,0.0,57.0,45.0,45.0,41.0,
1676067204.0327265,5.607,0.1,0.0,0.0,0.0,1.0,0.0,0.0,0.05,57.0,45.0,45.0,41.0,
1676067204.2331445,5.607,0.0,0.0,0.0,0.0,1.0,0.0,0.0,0.0,57.0,45.0,45.0,41.0,
1676067204.4335139,5.607,0.0,0.0,0.0,0.0,1.0,0.0,0.0,0.0,57.0,45.0,45.0,41.0,
1676067204.6339414,5.607,0.095,0.0,0.0,0.0,1.0,0.0,0.0,0.0,57.0,45.0,45.0,41.0,
1676067204.834383,5.607,0.05,0.0,0.0,0.048,1.0,0.15,0.0,0.0,57.0,45.0,46.0,41.0,
1676067205.0348263,5.622,0.05,0.0,0.0,0.0,1.0,0.0,0.05,0.0,57.0,45.0,45.0,41.0,
1676067205.2351995,5.622,0.0,0.0,0.0,0.0,1.0,0.0,0.048,0.0,57.0,45.0,45.0,41.0,
1676067205.4355557,5.622,0.048,0.0,0.0,0.0,1.0,0.0,0.0,0.048,57.0,45.0,45.0,41.0,
1676067205.6359766,5.622,0.0,0.0,0.0,0.0,1.0,0.0,0.0,0.0,57.0,45.0,45.0,41.0,
1676067205.8363628,5.638,0.1,0.0,0.0,0.0,0.35,0.0,0.0,0.091,43.0,43.0,44.0,40.0,
1676067206.0367532,5.638,0.0,0.0,0.0,0.0,0.0,0.0,0.0,0.0,40.0,40.0,43.0,38.0,
1676067206.2371314,5.638,0.091,0.0,0.0,0.0,0.0,0.05,0.0,0.0,39.0,39.0,42.0,37.0,
1676067206.4375403,5.638,0.0,0.0,0.0,0.0,0.0,0.1,0.0,0.0,39.0,38.0,41.0,37.0,
1676067206.6379383,5.638,0.0,0.0,0.0,0.0,0.048,0.0,0.0,0.0,38.0,38.0,41.0,36.0,
1676067206.8382761,2.901,0.05,0.0,0.0,0.0,0.0,0.0,0.0,0.048,38.0,37.0,40.0,36.0,
1676067207.0386813,2.901,0.053,0.0,0.095,0.0,0.0,0.0,0.0,0.0,37.0,37.0,40.0,36.0,
1676067207.2390146,2.901,0.048,0.0,0.0,0.0,0.0,0.0,0.0,0.0,37.0,36.0,39.0,35.0,
1676067207.4393628,2.901,0.05,0.0,0.0,0.0,0.0,0.0,0.0,0.0,37.0,36.0,39.0,35.0,
1676067207.6397736,2.901,0.095,0.0,0.0,0.0,0.0,0.048,0.0,0.048,37.0,36.0,39.0,35.0,
1676067207.8402073,2.901,0.0,0.0,0.0,0.0,0.0,0.15,0.0,0.05,37.0,37.0,39.0,35.0,
1676067208.0405996,2.721,0.1,0.0,0.0,0.0,0.0,0.0,0.0,0.0,36.0,36.0,39.0,35.0,
1676067208.2409365,2.721,0.0,0.0,0.0,0.0,0.0,0.0,0.0,0.0,36.0,35.0,38.0,34.0,
1676067208.441256,2.721,0.0,0.0,0.0,0.0,0.0,0.0,0.0,0.0,36.0,35.0,38.0,34.0,
1676067208.641652,2.721,0.095,0.0,0.0,0.0,0.0,0.0,0.0,0.0,35.0,35.0,38.0,34.0,
1676067208.8419821,2.721,0.0,0.0,0.0,0.0,0.0,0.0,0.0,0.0,35.0,35.0,38.0,34.0,
1676067209.042354,2.748,0.0,0.0,0.0,0.0,0.0,0.0,0.048,0.0,35.0,35.0,38.0,34.0,
1676067209.2427309,2.748,0.095,0.0,0.0,0.0,0.0,0.048,0.0,0.0,35.0,35.0,38.0,34.0,
1676067209.4431503,2.748,0.0,0.0,0.0,0.0,0.0,0.15,0.0,0.0,35.0,35.0,38.0,34.0,
1676067209.643554,2.748,0.0,0.0,0.0,0.0,0.0,0.0,0.048,0.0,35.0,35.0,37.0,34.0,
1676067209.8438869,2.748,0.0,0.0,0.0,0.0,0.0,0.0,0.0,0.048,35.0,34.0,37.0,34.0,
1676067210.044277,2.748,0.05,0.0,0.0,0.0,0.0,0.0,0.0,0.0,35.0,34.0,37.0,33.0,
1676067210.2446244,2.725,0.05,0.0,0.0,0.0,0.0,0.0,0.048,0.05,35.0,34.0,37.0,34.0,
1676067210.444955,2.725,0.0,0.0,0.0,0.0,0.0,0.0,0.0,0.0,35.0,34.0,37.0,33.0,
1676067210.6453474,2.725,0.1,0.0,0.0,0.0,0.0,0.0,0.0,0.0,35.0,34.0,37.0,33.0,
1676067210.845767,2.718,0.05,0.0,0.0,0.0,0.0,0.15,0.0,0.0,35.0,37.0,37.0,33.0,
1676067211.046158,2.718,0.05,0.0,0.0,0.0,0.0,0.0,0.0,0.0,35.0,34.0,37.0,33.0,
1676067211.2464974,2.718,0.05,0.0,0.0,0.0,0.0,0.0,0.0,0.0,34.0,34.0,37.0,33.0,
1676067211.4469404,2.718,0.0,0.0,0.0,0.0,0.0,0.0,0.0,0.0,34.0,34.0,37.0,33.0,
1676067211.6473136,2.718,0.05,0.0,0.0,0.0,0.0,0.0,0.0,0.0,34.0,34.0,37.0,33.0,
1676067211.847637,2.718,0.05,0.0,0.0,0.0,0.0,0.0,0.0,0.0,34.0,34.0,37.0,33.0,
1676067212.0480332,2.718,0.048,0.0,0.0,0.0,0.0,0.0,0.048,0.048,34.0,34.0,37.0,33.0,
1676067212.2483675,2.718,0.053,0.0,0.0,0.0,0.0,0.0,0.0,0.0,34.0,34.0,37.0,33.0,
1676067212.4489079,2.718,0.0,0.0,0.048,0.0,0.0,0.15,0.0,0.048,34.0,34.0,37.0,33.0,
1676067212.6493156,2.718,0.05,0.0,0.0,0.0,0.0,0.0,0.0,0.0,34.0,34.0,37.0,33.0,
1676067212.8496711,2.718,0.05,0.0,0.0,0.0,0.0,0.0,0.0,0.0,34.0,34.0,37.0,33.0,
1676067213.0500493,2.802,0.1,0.0,0.0,0.0,0.0,0.0,0.0,0.0,34.0,34.0,37.0,33.0,
1676067213.2503731,2.802,0.0,0.0,0.0,0.0,0.0,0.0,0.048,0.0,34.0,34.0,37.0,33.0,
1676067213.4507513,2.802,0.05,0.0,0.0,0.0,0.0,0.0,0.0,0.0,34.0,34.0,36.0,33.0,
1676067213.6510968,2.802,0.05,0.0,0.0,0.0,0.0,0.0,0.0,0.0,34.0,34.0,37.0,33.0,
1676067213.851413,2.802,0.0,0.0,0.0,0.0,0.048,0.0,0.0,0.0,34.0,33.0,36.0,33.0,
1676067214.051842,2.679,0.1,0.0,0.0,0.048,0.05,0.15,0.0,0.0,34.0,34.0,37.0,33.0,
1676067214.2522216,2.679,0.048,0.0,0.0,0.0,0.0,0.0,0.0,0.05,34.0,33.0,36.0,33.0,
1676067214.4526467,2.679,0.053,0.0,0.0,0.0,0.0,0.0,0.0,0.0,34.0,34.0,36.0,33.0,
1676067214.6529825,2.679,0.05,0.0,0.0,0.0,0.0,0.0,0.0,0.0,34.0,33.0,36.0,33.0,
1676067214.8533118,2.668,0.0,0.0,0.0,0.0,0.0,0.0,0.0,0.0,34.0,33.0,36.0,33.0,
1676067215.0536902,2.668,0.095,0.0,0.0,0.0,0.0,0.0,0.048,0.0,34.0,33.0,36.0,32.0,
1676067215.254025,2.668,0.0,0.0,0.0,0.0,0.0,0.0,0.0,0.0,34.0,33.0,36.0,32.0,
1676067215.4544494,2.668,0.05,0.0,0.0,0.0,0.0,0.105,0.0,0.0,34.0,35.0,37.0,33.0,
1676067215.6547923,2.668,0.05,0.0,0.0,0.0,0.0,0.0,0.0,0.0,34.0,33.0,36.0,33.0,
1676067215.8551784,2.668,0.048,0.0,0.0,0.0,0.75,0.0,0.0,0.0,48.0,36.0,37.0,34.0,
1676067216.0555952,2.851,0.0,0.0,0.0,0.048,1.0,0.0,0.0,0.048,51.0,38.0,39.0,35.0,
1676067216.255972,2.851,0.095,0.0,0.0,0.0,1.0,0.05,0.0,0.095,52.0,39.0,40.0,36.0,
1676067216.456388,2.851,0.0,0.0,0.0,0.0,1.0,0.048,0.0,0.0,53.0,41.0,41.0,37.0,
1676067216.6567585,2.851,0.0,0.0,0.0,0.0,1.0,0.048,0.0,0.0,54.0,41.0,41.0,37.0,
1676067216.8571723,2.851,0.0,0.0,0.0,0.0,1.0,0.0,0.0,0.0,54.0,41.0,42.0,38.0,
1676067217.057627,5.767,0.095,0.0,0.0,0.0,1.0,0.158,0.0,0.0,55.0,42.0,42.0,38.0,
1676067217.2579973,5.767,0.0,0.0,0.0,0.0,1.0,0.0,0.0,0.0,55.0,42.0,42.0,39.0,
1676067217.4584382,5.767,0.05,0.0,0.0,0.0,1.0,0.0,0.0,0.0,55.0,43.0,43.0,39.0,
1676067217.6588771,5.767,0.05,0.0,0.0,0.0,1.0,0.0,0.0,0.0,55.0,43.0,43.0,39.0,
1676067217.8592668,5.767,0.05,0.0,0.0,0.0,1.0,0.0,0.0,0.048,56.0,43.0,43.0,39.0,
1676067218.0597036,5.844,0.05,0.0,0.0,0.0,1.0,0.091,0.05,0.0,56.0,43.0,44.0,39.0,
1676067218.2600846,5.844,0.0,0.0,0.0,0.0,1.0,0.0,0.0,0.0,56.0,43.0,44.0,39.0,
1676067218.460544,5.844,0.095,0.0,0.0,0.0,1.0,0.05,0.05,0.05,55.0,44.0,44.0,40.0,
1676067218.6610675,5.844,0.0,0.0,0.0,0.0,1.0,0.1,0.0,0.0,57.0,44.0,44.0,40.0,
1676067218.8614645,6.038,0.05,0.0,0.0,0.0,1.0,0.0,0.0,0.0,57.0,44.0,44.0,40.0,
1676067219.0618875,6.038,0.05,0.0,0.0,0.0,1.0,0.0,0.048,0.0,57.0,44.0,44.0,40.0,
1676067219.2622938,6.038,0.048,0.0,0.0,0.0,1.0,0.0,0.0,0.0,57.0,44.0,44.0,40.0,
1676067219.462718,6.038,0.05,0.0,0.0,0.0,1.0,0.0,0.0,0.0,56.0,44.0,45.0,40.0,
1676067219.6630952,6.038,0.05,0.0,0.0,0.0,1.0,0.0,0.0,0.0,57.0,44.0,45.0,40.0,
1676067219.8635657,5.863,0.053,0.0,0.0,0.0,1.0,0.05,0.0,0.05,57.0,44.0,45.0,40.0,
1676067220.0640156,5.863,0.05,0.0,0.048,0.0,1.0,0.15,0.05,0.0,57.0,45.0,45.0,40.0,
1676067220.2643893,5.863,0.048,0.0,0.0,0.0,1.0,0.0,0.048,0.0,57.0,45.0,45.0,40.0,
1676067220.4648087,5.863,0.0,0.0,0.0,0.0,1.0,0.0,0.05,0.0,57.0,44.0,45.0,41.0,
1676067220.665184,5.863,0.0,0.0,0.0,0.0,1.0,0.0,0.0,0.0,57.0,45.0,45.0,40.0,
1676067220.8655577,5.87,0.1,0.0,0.0,0.0,1.0,0.0,0.0,0.0,57.0,45.0,45.0,41.0,
1676067221.065991,5.87,0.05,0.0,0.0,0.048,1.0,0.0,0.0,0.0,58.0,45.0,45.0,41.0,
1676067221.266363,5.87,0.0,0.0,0.0,0.048,1.0,0.0,0.0,0.0,57.0,45.0,45.0,41.0,
1676067221.4667869,5.87,0.095,0.0,0.0,0.0,1.0,0.0,0.0,0.0,57.0,45.0,45.0,41.0,
1676067221.6672344,5.87,0.0,0.0,0.0,0.0,1.0,0.15,0.0,0.0,58.0,45.0,45.0,41.0,
1676067221.8676667,5.87,0.05,0.0,0.0,0.0,1.0,0.0,0.0,0.0,58.0,45.0,45.0,41.0,
1676067222.0681033,5.996,0.05,0.0,0.0,0.0,1.0,0.0,0.0,0.0,58.0,45.0,45.0,41.0,
1676067222.268485,5.996,0.05,0.0,0.0,0.0,1.0,0.0,0.095,0.0,58.0,45.0,45.0,41.0,
1676067222.4689586,5.996,0.0,0.0,0.0,0.0,1.0,0.0,0.0,0.0,57.0,45.0,45.0,41.0,
1676067222.66939,5.996,0.05,0.048,0.0,0.0,1.0,0.0,0.0,0.0,58.0,45.0,45.0,41.0,
1676067222.8697612,5.996,0.048,0.0,0.0,0.0,1.0,0.0,0.048,0.0,58.0,45.0,45.0,41.0,
1676067223.0702202,5.912,0.053,0.0,0.0,0.0,1.0,0.15,0.0,0.0,58.0,48.0,46.0,41.0,
1676067223.27061,5.912,0.0,0.0,0.0,0.0,1.0,0.0,0.0,0.0,58.0,45.0,45.0,41.0,
1676067223.471029,5.912,0.095,0.0,0.0,0.0,1.0,0.0,0.0,0.0,58.0,45.0,46.0,41.0,
1676067223.671401,5.912,0.0,0.0,0.0,0.0,1.0,0.0,0.0,0.048,58.0,45.0,46.0,41.0,
1676067223.8717675,5.863,0.05,0.0,0.0,0.0,1.0,0.0,0.0,0.048,58.0,45.0,46.0,41.0,
1676067224.0721958,5.863,0.05,0.0,0.0,0.0,1.0,0.05,0.0,0.0,58.0,45.0,45.0,41.0,
1676067224.2726245,5.863,0.048,0.0,0.0,0.0,1.0,0.0,0.0,0.05,58.0,45.0,45.0,41.0,
1676067224.4730496,5.863,0.0,0.0,0.0,0.0,1.0,0.0,0.0,0.0,58.0,46.0,46.0,41.0,
1676067224.6734893,5.863,0.0,0.0,0.0,0.0,1.0,0.19,0.0,0.0,58.0,46.0,46.0,41.0,
1676067224.8738809,6.015,0.095,0.0,0.0,0.0,1.0,0.0,0.0,0.0,58.0,46.0,46.0,41.0,
1676067225.0743136,6.015,0.05,0.0,0.0,0.0,1.0,0.0,0.0,0.048,58.0,46.0,46.0,41.0,
1676067225.2746975,6.015,0.0,0.0,0.0,0.0,1.0,0.0,0.0,0.0,58.0,46.0,46.0,41.0,
1676067225.475118,6.015,0.095,0.0,0.0,0.0,1.0,0.0,0.048,0.0,58.0,46.0,46.0,41.0,
1676067225.675491,6.015,0.0,0.0,0.0,0.0,1.0,0.0,0.0,0.048,58.0,46.0,46.0,42.0,
1676067225.8758645,6.015,0.05,0.0,0.0,0.0,1.0,0.0,0.0,0.0,58.0,46.0,46.0,42.0,
1676067226.076283,5.928,0.053,0.0,0.0,0.048,1.0,0.0,0.0,0.048,58.0,46.0,46.0,42.0,
1676067226.2767348,5.928,0.048,0.0,0.0,0.0,1.0,0.22699999999999998,0.0,0.0,59.0,46.0,46.0,42.0,
1676067226.4771674,5.928,0.0,0.0,0.0,0.0,1.0,0.0,0.0,0.0,58.0,46.0,46.0,42.0,
1676067226.677546,5.928,0.095,0.0,0.0,0.0,1.0,0.0,0.0,0.0,59.0,46.0,46.0,42.0,
1676067226.877953,5.928,0.05,0.0,0.0,0.0,1.0,0.0,0.0,0.0,58.0,46.0,46.0,42.0,
1676067227.0783827,5.897,0.1,0.0,0.0,0.048,1.0,0.0,0.0,0.0,58.0,46.0,46.0,42.0,
1676067227.2787604,5.897,0.05,0.0,0.0,0.0,1.0,0.0,0.048,0.0,58.0,46.0,46.0,42.0,
1676067227.4791973,5.897,0.0,0.0,0.0,0.0,1.0,0.0,0.091,0.05,58.0,46.0,46.0,42.0,
1676067227.6796362,5.897,0.095,0.0,0.0,0.0,1.0,0.158,0.0,0.0,59.0,47.0,46.0,42.0,
1676067227.88004,5.939,0.0,0.0,0.0,0.0,1.0,0.0,0.0,0.05,59.0,46.0,46.0,42.0,
1676067228.080466,5.939,0.05,0.0,0.0,0.0,1.0,0.048,0.0,0.0,59.0,46.0,46.0,42.0,
1676067228.2808743,5.939,0.05,0.0,0.0,0.0,1.0,0.05,0.05,0.0,59.0,46.0,46.0,42.0,
1676067228.4813027,5.939,0.05,0.0,0.0,0.0,1.0,0.0,0.0,0.0,58.0,46.0,46.0,42.0,
1676067228.6816812,5.939,0.0,0.0,0.0,0.0,1.0,0.0,0.0,0.0,59.0,46.0,46.0,42.0,
1676067228.8820348,5.939,0.048,0.0,0.0,0.0,1.0,0.0,0.0,0.0,59.0,46.0,46.0,42.0,
1676067229.0824473,5.939,0.05,0.0,0.0,0.0,1.0,0.0,0.0,0.0,59.0,46.0,46.0,42.0,
1676067229.2829032,5.901,0.05,0.0,0.0,0.0,1.0,0.15,0.0,0.05,59.0,46.0,46.0,42.0,
1676067229.4833248,5.901,0.0,0.0,0.0,0.0,1.0,0.048,0.0,0.0,58.0,46.0,46.0,42.0,
1676067229.6837018,5.901,0.05,0.0,0.0,0.0,1.0,0.048,0.0,0.0,59.0,46.0,46.0,42.0,
1676067229.884069,5.79,0.05,0.0,0.0,0.0,1.0,0.0,0.0,0.0,59.0,46.0,46.0,42.0,
1676067230.084499,5.79,0.05,0.0,0.0,0.0,1.0,0.091,0.05,0.05,59.0,46.0,46.0,42.0,
1676067230.2849202,5.79,0.05,0.0,0.0,0.0,1.0,0.0,0.0,0.0,59.0,46.0,46.0,42.0,
1676067230.485366,5.79,0.0,0.0,0.0,0.0,1.0,0.0,0.0,0.0,58.0,46.0,46.0,42.0,
1676067230.6857991,5.79,0.05,0.0,0.0,0.0,1.0,0.05,0.0,0.0,59.0,47.0,46.0,42.0,
1676067230.8862362,5.79,0.048,0.0,0.0,0.048,1.0,0.15,0.0,0.0,59.0,46.0,46.0,42.0,
1676067231.0866656,5.882,0.053,0.0,0.0,0.0,1.0,0.0,0.0,0.0,59.0,46.0,46.0,42.0,
1676067231.2870529,5.882,0.05,0.0,0.0,0.0,1.0,0.0,0.0,0.0,59.0,46.0,46.0,42.0,
